ZCTA,cancer_25to34,cancer_35to44,cancer_45to54,cancer_55to64,cancer_65to74,cancer_75to84,cancer_85up
ZCTA32003,,7,9,36,50,74,48
ZCTA32004,,,,,,1,
ZCTA32007,,,,,,1,
ZCTA32008,1,,2,2,6,,3
ZCTA32008,,1,1,3,2,4,2
ZCTA32008,1,,6,9,9,17,2
ZCTA32009,,,,1,,1,
ZCTA32009,,1,2,8,16,10,4
ZCTA32011,2,2,12,41,61,55,19
ZCTA32024,1,4,18,53,85,61,40
ZCTA32024,,,3,9,10,5,3
ZCTA32025,1,4,15,61,78,77,45
ZCTA32033,1,,5,13,20,29,12
ZCTA32034,,8,32,86,147,122,86
ZCTA32038,1,3,16,37,56,33,15
ZCTA32040,1,1,7,22,25,16,4
ZCTA32041,,,,,1,,
ZCTA32042,,,,,2,,
ZCTA32043,1,8,22,54,86,82,35
ZCTA32043,,,1,,,3,
ZCTA32044,1,,3,7,7,3,4
ZCTA32046,,3,9,43,39,41,11
ZCTA32052,,2,10,22,31,24,9
ZCTA32053,,,1,10,13,14,7
ZCTA32054,4,15,66,102,111,52,16
ZCTA32055,3,4,13,63,80,50,22
ZCTA32056,,,,1,1,2,
ZCTA32058,,1,3,14,15,10,7
ZCTA32059,,1,3,6,11,11,4
ZCTA32060,1,5,26,55,91,72,36
ZCTA32061,,,,,1,,1
ZCTA32062,,,,10,16,9,6
ZCTA32063,3,1,10,33,48,37,18
ZCTA32064,1,3,5,12,29,26,25
ZCTA32065,1,7,16,58,105,56,20
ZCTA32066,,,7,13,18,24,11
ZCTA32068,4,16,46,122,186,141,48
ZCTA32071,,,3,16,32,15,12
ZCTA32073,3,10,32,83,124,122,73
ZCTA32073,,,,,1,,1
ZCTA32079,,,,,,5,10
ZCTA32080,1,4,11,37,93,97,66
ZCTA32081,,2,3,11,26,22,12
ZCTA32082,,,,,,1,1
ZCTA32082,2,1,13,49,95,112,81
ZCTA32083,,,,4,4,2,1
ZCTA32084,2,8,33,95,126,85,48
ZCTA32085,,1,,,1,,
ZCTA32086,1,3,21,73,149,127,103
ZCTA32087,1,1,5,9,10,12,3
ZCTA32091,,3,15,41,61,49,16
ZCTA32091,,,,,3,1,
ZCTA32092,2,5,22,44,86,79,43
ZCTA32094,,,4,12,23,14,5
ZCTA32095,,1,4,16,38,31,14
ZCTA32096,,,,3,2,3,
ZCTA32096,,1,1,11,6,6,5
ZCTA32096,,,,1,1,,
ZCTA32097,2,1,16,45,67,52,21
ZCTA32099,,,,,1,,
ZCTA32102,,,1,9,14,13,6
ZCTA32102,,,1,2,2,2,4
ZCTA32105,,,,,,2,
ZCTA32110,1,2,7,44,44,23,7
ZCTA32111,,,,1,,2,
ZCTA32112,,1,4,25,35,36,20
ZCTA32113,,3,8,31,31,22,15
ZCTA32114,2,8,37,107,128,88,54
ZCTA32116,,,,,1,,
ZCTA32117,5,5,25,102,119,88,61
ZCTA32118,1,2,21,43,83,94,67
ZCTA32119,,3,18,69,110,103,52
ZCTA32120,,,,1,,,
ZCTA32123,,,,1,,,
ZCTA32124,,,1,9,19,14,7
ZCTA32126,,,,,2,1,
ZCTA32127,1,5,24,82,167,140,102
ZCTA32128,,3,9,28,90,86,56
ZCTA32129,1,3,15,44,103,92,46
ZCTA32130,,,2,13,19,22,5
ZCTA32131,1,1,2,13,14,19,8
ZCTA32131,,,,1,,,
ZCTA32132,,3,4,24,51,53,18
ZCTA32134,1,1,9,39,51,44,18
ZCTA32134,,,,,4,,
ZCTA32135,,,,,2,,
ZCTA32136,,,9,27,41,52,28
ZCTA32136,,,,,1,,
ZCTA32137,,5,30,81,216,222,142
ZCTA32138,,1,,1,2,,1
ZCTA32139,,,1,7,4,4,6
ZCTA32140,,,,,1,,
ZCTA32140,,,3,6,8,5,3
ZCTA32141,1,5,16,57,94,98,43
ZCTA32145,,,,,1,,
ZCTA32145,,1,8,23,23,14,6
ZCTA32147,,,,3,9,,1
ZCTA32148,1,3,8,50,52,36,19
ZCTA32157,,,,,2,2,1
ZCTA32158,,,,1,1,1,
ZCTA32159,,3,10,47,115,205,111
ZCTA32159,,,2,11,56,138,76
ZCTA32160,,,1,,,,
ZCTA32162,,3,4,44,391,492,188
ZCTA32163,,,,25,137,72,25
ZCTA32164,4,6,38,93,193,178,89
ZCTA32168,2,4,21,80,118,120,73
ZCTA32169,,,4,24,53,55,40
ZCTA32170,,,,1,,,
ZCTA32173,,,,,1,,
ZCTA32174,,,,5,10,6,7
ZCTA32174,2,4,36,140,238,234,164
ZCTA32176,2,4,7,39,69,70,61
ZCTA32177,5,3,23,91,120,99,55
ZCTA32179,1,,9,38,51,39,15
ZCTA32180,,,3,12,19,4,2
ZCTA32181,,1,4,9,12,10,7
ZCTA32182,,,,1,1,,2
ZCTA32183,,,,1,1,,1
ZCTA32187,,,4,6,8,6,4
ZCTA32189,,,7,28,39,33,14
ZCTA32190,,,1,2,4,4,2
ZCTA32192,,,,1,,3,2
ZCTA32193,,,,4,6,1,3
ZCTA32195,1,,1,2,1,2,
ZCTA32195,,,2,6,11,10,8
ZCTA32201,,,,,1,,
ZCTA32202,,1,3,10,19,10,2
ZCTA32204,,,6,16,22,29,12
ZCTA32205,5,6,22,67,71,57,29
ZCTA32206,5,4,27,72,65,33,17
ZCTA32207,2,3,22,86,96,91,49
ZCTA32208,2,13,26,97,131,98,45
ZCTA32209,6,12,38,123,131,92,93
ZCTA32210,7,13,55,143,172,144,78
ZCTA32211,2,8,25,62,85,59,40
ZCTA32212,,,,,1,,
ZCTA32216,5,4,28,81,98,71,55
ZCTA32217,1,2,14,49,53,56,39
ZCTA32218,4,16,52,153,160,129,51
ZCTA32219,1,4,12,41,37,26,14
ZCTA32220,3,1,19,35,40,37,16
ZCTA32221,5,6,22,62,77,63,24
ZCTA32222,1,2,15,26,20,20,7
ZCTA32223,1,4,14,59,106,58,36
ZCTA32224,4,7,20,58,67,77,68
ZCTA32225,2,6,38,99,134,114,60
ZCTA32226,4,4,13,39,44,39,20
ZCTA32227,,4,,,1,,
ZCTA32233,2,7,22,45,59,58,58
ZCTA32234,,,3,1,3,3,
ZCTA32234,,1,6,18,24,17,7
ZCTA32234,,,,,1,,
ZCTA32236,,,,1,,,
ZCTA32239,,,,,1,,
ZCTA32240,,,,,,1,
ZCTA32244,,,,1,,,
ZCTA32244,9,16,36,121,164,107,43
ZCTA32245,,,,,,1,
ZCTA32246,4,5,33,90,115,84,38
ZCTA32250,1,3,19,59,89,73,57
ZCTA32254,2,3,22,41,53,36,18
ZCTA32255,,,,,,,2
ZCTA32256,1,2,19,55,105,98,81
ZCTA32256,,,,,,,1
ZCTA32257,1,11,26,91,98,64,59
ZCTA32258,1,2,22,40,79,58,30
ZCTA32259,,1,1,1,5,4,3
ZCTA32259,1,5,25,49,83,76,49
ZCTA32266,,1,3,10,18,9,6
ZCTA32277,1,8,18,43,73,57,46
ZCTA32301,1,5,13,46,54,28,26
ZCTA32302,1,,1,1,1,,
ZCTA32303,2,8,19,56,87,52,40
ZCTA32304,,1,13,43,47,25,20
ZCTA32305,1,4,23,57,56,56,17
ZCTA32306,,,,,1,,
ZCTA32308,2,2,9,40,51,60,62
ZCTA32309,1,3,13,59,84,84,61
ZCTA32310,1,6,7,46,48,30,8
ZCTA32311,,4,8,25,45,33,24
ZCTA32312,,3,12,38,90,62,58
ZCTA32313,,,,,1,,
ZCTA32317,,3,11,17,30,34,11
ZCTA32320,,,5,10,15,11,5
ZCTA32321,,1,2,13,19,15,2
ZCTA32322,,,1,20,13,12,8
ZCTA32323,,,,,1,5,2
ZCTA32324,1,3,5,8,19,17,5
ZCTA32326,,,,,1,,
ZCTA32327,,,,,1,,
ZCTA32327,3,5,17,56,77,74,25
ZCTA32328,,2,5,11,18,14,5
ZCTA32329,,,,,1,1,
ZCTA32330,,,,2,2,3,1
ZCTA32331,,,,2,1,,
ZCTA32331,,,1,14,15,10,6
ZCTA32331,,,,,3,1,
ZCTA32332,,3,1,3,4,2,
ZCTA32333,,,11,52,41,41,19
ZCTA32333,,,,2,,,
ZCTA32334,,1,1,6,3,4,3
ZCTA32336,,,,5,5,6,2
ZCTA32337,,,,,,1,1
ZCTA32340,2,,3,28,28,33,11
ZCTA32341,,,,,1,,
ZCTA32343,,1,2,9,2,4,1
ZCTA32344,1,4,12,36,45,36,19
ZCTA32344,,,,,1,,
ZCTA32345,,,,1,,,
ZCTA32346,,,,,,,1
ZCTA32346,,1,,6,3,6,1
ZCTA32347,,1,5,27,31,38,12
ZCTA32348,,4,11,25,42,31,7
ZCTA32350,,,2,5,5,5,3
ZCTA32351,2,5,16,44,53,42,21
ZCTA32352,,,4,15,18,18,6
ZCTA32355,,,,1,3,3,
ZCTA32356,,,,,,2,
ZCTA32358,,,,5,7,9,4
ZCTA32359,,,1,2,4,2,
ZCTA32359,,,1,6,9,3,5
ZCTA32360,,,,,1,1,1
ZCTA32361,,,,,1,1,1
ZCTA32362,,,,,1,,
ZCTA32401,2,4,17,64,67,47,43
ZCTA32403,,,1,1,,,
ZCTA32404,,5,34,85,107,87,41
ZCTA32405,1,9,21,60,84,87,44
ZCTA32407,1,2,4,25,29,16,24
ZCTA32408,1,3,14,27,59,35,21
ZCTA32409,,1,6,24,35,25,8
ZCTA32410,,,,1,1,1,2
ZCTA32411,,,,,3,,1
ZCTA32413,,2,14,30,43,41,23
ZCTA32413,,,,1,,2,
ZCTA32420,,,3,4,10,10,7
ZCTA32420,,,,,,1,
ZCTA32421,,1,5,14,15,16,6
ZCTA32422,,,,,,1,
ZCTA32423,,,2,6,6,8,1
ZCTA32424,1,1,7,22,26,21,13
ZCTA32425,1,4,8,35,51,53,17
ZCTA32425,,,3,4,5,4,1
ZCTA32426,1,,3,5,3,7,4
ZCTA32427,,,1,8,5,3,2
ZCTA32428,1,1,12,49,82,51,29
ZCTA32430,,,2,6,8,2,1
ZCTA32431,,3,6,14,19,10,10
ZCTA32431,,1,,1,,6,
ZCTA32432,,,1,,1,,
ZCTA32433,2,3,16,50,61,46,15
ZCTA32434,,,,,,1,
ZCTA32435,,1,4,16,26,29,12
ZCTA32437,,,,,1,,
ZCTA32437,,,2,2,2,2,
ZCTA32438,,,4,20,18,14,2
ZCTA32439,,3,9,31,32,25,7
ZCTA32440,,,2,5,1,2,1
ZCTA32440,,1,3,13,26,25,5
ZCTA32442,,,4,11,21,16,9
ZCTA32443,,1,3,5,16,11,5
ZCTA32444,,3,10,43,48,39,27
ZCTA32445,,,1,3,5,6,4
ZCTA32446,,,5,25,54,43,25
ZCTA32448,1,,5,22,38,22,11
ZCTA32449,,,1,1,3,2,1
ZCTA32455,,1,5,3,11,6,3
ZCTA32455,1,,1,9,11,7,6
ZCTA32456,,3,2,26,35,27,11
ZCTA32459,3,3,13,42,50,31,21
ZCTA32460,,,4,9,20,22,6
ZCTA32461,,,,,4,1,2
ZCTA32462,,,3,8,16,10,3
ZCTA32463,,,1,1,,1,
ZCTA32464,,1,1,7,20,18,7
ZCTA32464,,,1,,4,4,2
ZCTA32465,1,3,4,14,29,20,13
ZCTA32466,1,,5,22,11,20,4
ZCTA32466,,,,,,1,
ZCTA32501,1,2,6,39,36,38,25
ZCTA32502,,1,4,17,10,9,10
ZCTA32503,,4,24,75,111,80,61
ZCTA32504,2,4,7,61,58,73,44
ZCTA32505,3,6,30,92,104,67,34
ZCTA32506,2,11,27,89,127,81,58
ZCTA32507,2,2,28,95,110,70,42
ZCTA32513,,,,,1,,
ZCTA32514,2,4,30,99,121,132,76
ZCTA32523,,,,,1,,
ZCTA32524,,,1,1,1,1,1
ZCTA32526,3,8,32,105,141,134,56
ZCTA32530,,,,1,1,2,1
ZCTA32531,,2,3,25,21,20,8
ZCTA32533,3,5,21,70,94,73,43
ZCTA32534,2,1,14,44,71,61,15
ZCTA32535,,3,6,15,16,13,7
ZCTA32536,,2,11,51,63,58,29
ZCTA32538,,,,,2,,2
ZCTA32539,2,7,21,56,94,57,21
ZCTA32539,,,,1,2,1,1
ZCTA32540,,,,,,2,
ZCTA32541,1,2,8,29,67,42,18
ZCTA32541,,,,1,,1,1
ZCTA32547,,7,27,96,82,107,70
ZCTA32548,2,1,21,54,72,69,28
ZCTA32550,,,,1,,1,1
ZCTA32550,,2,9,14,34,35,20
ZCTA32561,,,,5,7,7,5
ZCTA32561,,,4,9,22,20,17
ZCTA32563,1,4,15,42,73,63,36
ZCTA32564,,1,2,12,13,12,1
ZCTA32564,,,,1,1,1,1
ZCTA32565,,3,6,12,24,17,6
ZCTA32566,1,7,18,78,97,77,35
ZCTA32567,1,1,4,10,5,10,1
ZCTA32567,,,1,3,7,5,2
ZCTA32568,,,8,8,11,12,4
ZCTA32569,,1,7,15,25,31,11
ZCTA32570,1,5,25,70,114,90,37
ZCTA32571,2,4,15,78,85,77,35
ZCTA32572,,,,,1,1,
ZCTA32577,,,4,12,24,11,7
ZCTA32578,1,6,16,57,74,100,55
ZCTA32578,,,,1,1,3,1
ZCTA32579,,,3,19,26,33,24
ZCTA32580,,3,3,9,11,11,9
ZCTA32583,2,1,19,72,92,65,27
ZCTA32588,,,,,,1,
ZCTA32601,,1,7,29,31,22,12
ZCTA32603,,,,4,2,3,2
ZCTA32604,,,,,,1,
ZCTA32605,2,2,15,44,74,44,53
ZCTA32606,4,2,10,39,46,67,64
ZCTA32607,1,4,10,29,43,41,20
ZCTA32608,1,5,18,46,86,68,59
ZCTA32609,,2,15,63,69,35,27
ZCTA32615,,1,9,26,48,33,26
ZCTA32616,,,,1,3,2,1
ZCTA32617,,,3,18,17,20,4
ZCTA32618,1,2,3,13,36,18,6
ZCTA32618,,,5,5,16,5,4
ZCTA32619,,2,2,14,20,21,15
ZCTA32621,1,,2,13,35,12,11
ZCTA32622,,,,,1,1,2
ZCTA32622,1,,2,2,5,4,1
ZCTA32625,,,3,10,10,4,3
ZCTA32626,1,3,10,22,46,41,16
ZCTA32627,,,,,,1,
ZCTA32628,,,2,11,11,18,7
ZCTA32631,,,,1,5,3,1
ZCTA32635,,,,,1,,
ZCTA32639,,,,,2,1,
ZCTA32640,2,,6,22,32,24,9
ZCTA32640,,,5,20,26,24,17
ZCTA32641,,5,22,32,57,40,12
ZCTA32643,,2,12,21,36,29,20
ZCTA32643,,,,6,4,,
ZCTA32643,,1,1,6,6,8,3
ZCTA32644,1,,,2,1,1,2
ZCTA32648,,,,3,1,,1
ZCTA32653,,1,8,23,44,37,26
ZCTA32654,,,,,1,1,
ZCTA32655,,,,,2,1,
ZCTA32656,,,,2,5,10,4
ZCTA32656,1,2,24,46,64,44,30
ZCTA32658,,,1,1,2,3,2
ZCTA32664,,1,,1,6,1,
ZCTA32666,,,,5,3,2,1
ZCTA32666,,,2,4,4,5,2
ZCTA32666,,,1,2,1,3,2
ZCTA32666,,,1,3,13,14,7
ZCTA32667,,,1,8,12,8,5
ZCTA32667,,,,4,4,3,2
ZCTA32668,,1,1,15,27,16,7
ZCTA32668,,,,3,5,4,2
ZCTA32669,,3,4,25,45,35,22
ZCTA32669,,,1,,4,2,1
ZCTA32680,,2,13,44,61,46,21
ZCTA32681,,,,1,1,1,
ZCTA32683,,,,,1,,
ZCTA32686,,,3,13,17,9,8
ZCTA32692,,,,,,2,2
ZCTA32693,,1,9,26,34,31,15
ZCTA32693,,3,3,13,15,15,9
ZCTA32694,,,2,7,6,10,3
ZCTA32696,1,6,14,37,36,41,32
ZCTA32696,,,3,2,5,2,
ZCTA32697,,,,,1,,
ZCTA32701,4,6,9,33,72,77,66
ZCTA32702,,1,4,16,20,25,20
ZCTA32702,,,,3,1,3,
ZCTA32703,2,9,35,73,103,72,54
ZCTA32703,,2,5,14,12,17,15
ZCTA32704,,,,1,,,
ZCTA32706,,,,1,1,1,
ZCTA32707,1,3,23,83,121,122,44
ZCTA32708,7,8,26,72,111,94,79
ZCTA32709,,1,3,8,10,9,4
ZCTA32710,,,,1,,,
ZCTA32712,4,10,24,89,110,89,59
ZCTA32713,,4,15,55,87,85,47
ZCTA32714,,,,,1,,1
ZCTA32714,1,6,25,52,83,78,58
ZCTA32719,,,,,,1,
ZCTA32720,,,1,7,10,10,3
ZCTA32720,5,4,24,86,122,108,82
ZCTA32721,,,,,1,,1
ZCTA32722,,,,1,,2,
ZCTA32724,4,3,24,71,140,155,103
ZCTA32725,1,8,49,91,132,160,106
ZCTA32726,1,3,18,54,76,92,56
ZCTA32727,,,,1,,,
ZCTA32728,,,,,3,4,1
ZCTA32730,,,2,11,17,24,14
ZCTA32732,,2,7,14,19,20,12
ZCTA32733,,,,,1,,
ZCTA32735,,,4,15,28,31,8
ZCTA32736,1,2,18,35,40,31,21
ZCTA32738,1,12,31,110,111,102,42
ZCTA32744,,1,1,12,22,14,8
ZCTA32746,4,9,25,62,82,80,73
ZCTA32747,,,,,1,4,2
ZCTA32750,1,4,17,60,69,75,63
ZCTA32751,,4,7,31,49,47,35
ZCTA32751,,3,2,8,13,21,15
ZCTA32752,,,,1,,,
ZCTA32754,1,4,12,47,60,40,29
ZCTA32754,,,,1,1,2,
ZCTA32756,,,1,,,1,
ZCTA32757,1,6,19,60,95,90,79
ZCTA32757,,1,1,3,15,7,4
ZCTA32759,,,4,16,21,11,7
ZCTA32762,,,,,,1,
ZCTA32763,1,3,18,68,89,80,82
ZCTA32764,,1,3,16,10,17,8
ZCTA32765,4,9,32,68,142,110,114
ZCTA32766,,,8,14,25,20,16
ZCTA32767,2,1,3,16,14,13,4
ZCTA32768,,,,,1,,1
ZCTA32771,3,13,22,84,148,120,78
ZCTA32772,,,,2,2,,
ZCTA32773,2,6,20,67,92,52,34
ZCTA32774,,,,,1,,
ZCTA32776,,1,9,29,41,33,13
ZCTA32777,,,,,3,1,
ZCTA32778,1,1,9,48,96,124,89
ZCTA32779,5,5,12,49,86,68,56
ZCTA32780,2,3,20,96,123,150,105
ZCTA32784,,2,12,40,45,26,22
ZCTA32784,,,3,9,9,11,4
ZCTA32789,,3,15,45,76,57,53
ZCTA32792,1,4,17,49,76,96,97
ZCTA32792,2,4,12,22,43,47,25
ZCTA32796,1,3,11,45,83,94,46
ZCTA32796,,,,1,,,
ZCTA32798,,1,1,11,25,26,21
ZCTA32799,,,,1,,,
ZCTA32801,,2,5,17,22,51,49
ZCTA32802,,,,,2,,
ZCTA32803,3,3,10,24,44,45,32
ZCTA32804,2,,11,41,36,32,35
ZCTA32805,5,7,23,65,98,62,41
ZCTA32806,1,10,12,63,84,73,53
ZCTA32807,1,5,19,57,63,55,45
ZCTA32808,4,10,44,102,127,78,40
ZCTA32809,1,9,19,46,55,54,35
ZCTA32810,3,9,30,77,91,75,31
ZCTA32811,8,7,30,64,71,62,21
ZCTA32812,2,6,18,53,86,60,45
ZCTA32814,,,,7,6,8,1
ZCTA32816,,,,,1,1,
ZCTA32817,2,3,20,42,58,58,38
ZCTA32818,3,12,33,60,98,84,34
ZCTA32819,2,5,14,41,53,64,42
ZCTA32820,,1,12,17,18,11,7
ZCTA32821,2,3,9,24,39,25,27
ZCTA32822,7,15,40,91,150,129,71
ZCTA32824,3,6,19,49,83,54,35
ZCTA32825,7,12,43,76,90,94,60
ZCTA32826,,2,13,37,45,39,36
ZCTA32827,,,5,12,22,17,17
ZCTA32828,6,14,25,63,73,70,36
ZCTA32829,,5,9,22,20,25,16
ZCTA32831,,,1,5,10,3,1
ZCTA32832,2,3,11,22,23,11,10
ZCTA32833,1,5,10,20,23,26,16
ZCTA32835,3,10,23,54,56,43,27
ZCTA32836,1,1,7,16,27,27,18
ZCTA32837,2,10,43,76,88,72,44
ZCTA32839,2,17,25,60,70,58,25
ZCTA32878,,,,,1,,
ZCTA32901,,2,14,55,108,128,98
ZCTA32903,,1,8,31,45,60,47
ZCTA32904,1,5,18,65,106,122,80
ZCTA32905,,5,32,69,110,105,71
ZCTA32907,4,3,56,101,174,151,69
ZCTA32908,,2,9,31,37,30,9
ZCTA32909,2,9,24,66,127,96,40
ZCTA32920,1,3,19,26,57,40,30
ZCTA32922,1,6,20,57,44,37,22
ZCTA32924,,,,1,,,
ZCTA32925,,,,,3,1,
ZCTA32926,2,6,22,64,95,91,41
ZCTA32927,5,2,28,79,85,91,37
ZCTA32931,,1,10,46,69,64,77
ZCTA32934,1,,16,52,79,71,43
ZCTA32935,3,6,31,108,161,154,89
ZCTA32936,,,,1,,,
ZCTA32937,2,4,11,59,90,118,82
ZCTA32940,2,3,23,46,134,188,156
ZCTA32941,,,,,,,1
ZCTA32948,1,,6,11,10,7,5
ZCTA32949,,1,8,4,5,11,8
ZCTA32950,,1,4,11,21,15,9
ZCTA32951,,,3,27,61,60,41
ZCTA32952,1,3,17,59,101,90,78
ZCTA32953,1,2,20,65,100,96,56
ZCTA32954,,,,1,,1,1
ZCTA32955,3,10,20,88,145,147,74
ZCTA32957,,1,,,,2,
ZCTA32958,,5,19,98,160,193,124
ZCTA32960,1,3,16,62,104,94,101
ZCTA32961,,,,,1,1,
ZCTA32962,4,1,27,61,92,114,83
ZCTA32963,,,5,19,47,110,95
ZCTA32964,,,,,1,,
ZCTA32966,1,2,17,50,81,110,144
ZCTA32967,1,7,26,50,90,73,57
ZCTA32968,,1,7,27,57,35,24
ZCTA32969,,,,,,,1
ZCTA32970,,,,1,1,1,
ZCTA32971,,,,,,1,
ZCTA32976,,,11,38,79,119,55
ZCTA32976,,,,2,3,2,
ZCTA33001,,,,,4,1,1
ZCTA33004,2,2,8,41,70,51,45
ZCTA33008,,,,1,2,1,
ZCTA33009,,12,22,59,116,146,106
ZCTA33009,,,,,1,,
ZCTA33010,1,10,34,78,120,163,93
ZCTA33012,1,13,35,98,189,277,199
ZCTA33013,2,7,21,60,81,130,106
ZCTA33014,,8,25,58,85,111,61
ZCTA33015,6,11,33,66,93,105,76
ZCTA33016,2,11,26,54,86,113,87
ZCTA33017,,,,,,,1
ZCTA33018,,,,,,1,
ZCTA33018,3,8,27,66,105,119,61
ZCTA33019,,1,2,31,53,69,48
ZCTA33020,3,12,30,96,101,94,51
ZCTA33021,4,9,34,87,122,152,141
ZCTA33023,,21,40,112,148,116,69
ZCTA33023,,1,,1,2,,
ZCTA33024,2,16,45,110,158,146,98
ZCTA33025,8,9,46,81,108,101,63
ZCTA33025,,,,1,,,
ZCTA33026,3,1,17,44,67,78,70
ZCTA33027,3,4,20,77,122,173,203
ZCTA33027,,,,2,1,,
ZCTA33028,1,1,9,23,37,34,20
ZCTA33029,2,5,21,61,57,48,41
ZCTA33030,2,7,27,48,67,52,31
ZCTA33031,,,6,14,21,16,12
ZCTA33032,7,5,26,61,63,68,23
ZCTA33033,5,12,34,63,91,85,57
ZCTA33034,3,,14,35,45,31,16
ZCTA33035,2,1,5,17,24,23,11
ZCTA33036,,1,1,14,14,14,2
ZCTA33037,1,,4,34,48,43,27
ZCTA33040,3,5,29,86,103,62,41
ZCTA33042,,1,6,12,18,21,11
ZCTA33043,,,11,15,19,4,6
ZCTA33045,,,1,,,,
ZCTA33050,,2,7,29,36,23,14
ZCTA33051,,,,,5,5,2
ZCTA33054,6,6,19,53,65,68,29
ZCTA33055,5,8,33,75,134,114,57
ZCTA33056,4,10,30,80,105,93,31
ZCTA33060,5,8,28,85,81,89,72
ZCTA33061,,,,2,,1,1
ZCTA33062,,1,10,57,86,117,106
ZCTA33063,2,8,41,115,205,188,131
ZCTA33064,5,10,42,134,153,109,79
ZCTA33065,3,12,33,77,112,78,86
ZCTA33066,,3,6,29,66,83,114
ZCTA33067,1,3,18,30,50,28,32
ZCTA33068,3,11,29,74,80,47,32
ZCTA33069,1,5,12,61,76,85,90
ZCTA33070,,,,15,18,17,16
ZCTA33071,3,4,19,58,77,65,40
ZCTA33073,1,4,6,34,48,40,23
ZCTA33073,,,1,,,,
ZCTA33074,,,,,,1,
ZCTA33075,,,,1,,,
ZCTA33076,1,7,18,23,47,56,51
ZCTA33084,,,1,,,,
ZCTA33090,,,,,1,,
ZCTA33093,,,,,,1,
ZCTA33097,,,,,1,1,
ZCTA33101,,,,1,1,,
ZCTA33109,,,1,,2,4,1
ZCTA33119,,,,,2,,
ZCTA33122,,,1,3,,1,
ZCTA33125,7,10,33,76,118,161,112
ZCTA33126,2,9,21,67,90,147,107
ZCTA33127,,6,23,49,68,57,34
ZCTA33128,2,1,5,12,18,26,18
ZCTA33129,,,5,12,22,18,25
ZCTA33130,1,9,13,36,47,66,40
ZCTA33131,,2,3,11,17,13,7
ZCTA33132,1,2,1,8,11,11,6
ZCTA33133,3,8,18,51,76,68,68
ZCTA33134,,2,13,49,95,84,104
ZCTA33135,3,9,18,46,86,110,81
ZCTA33136,,3,15,41,40,34,23
ZCTA33137,1,6,15,33,40,27,37
ZCTA33138,3,3,16,54,69,61,40
ZCTA33139,1,7,13,35,56,68,48
ZCTA33140,,2,13,14,35,48,58
ZCTA33141,,4,14,62,77,72,52
ZCTA33142,5,8,37,124,130,157,82
ZCTA33143,4,2,15,30,53,80,51
ZCTA33144,1,7,15,44,52,100,82
ZCTA33145,1,3,11,36,62,85,72
ZCTA33146,,,2,12,20,24,24
ZCTA33147,2,13,52,106,149,109,54
ZCTA33149,,2,8,10,16,30,26
ZCTA33150,2,6,23,72,61,53,19
ZCTA33152,,,,1,,,
ZCTA33153,,,,,,,1
ZCTA33154,1,3,1,11,31,32,35
ZCTA33155,2,9,15,69,99,152,142
ZCTA33156,2,4,12,32,45,65,59
ZCTA33157,3,12,47,107,148,143,124
ZCTA33158,,,,7,12,19,17
ZCTA33159,,,,,1,,
ZCTA33160,2,3,17,43,99,139,135
ZCTA33161,5,14,44,115,143,88,49
ZCTA33162,5,5,28,69,100,80,43
ZCTA33163,,,,,,1,1
ZCTA33165,5,8,16,74,163,218,171
ZCTA33166,2,4,9,24,52,56,45
ZCTA33167,3,3,14,44,56,47,22
ZCTA33168,1,8,11,39,62,44,17
ZCTA33169,,,,1,,,
ZCTA33169,3,10,22,71,97,77,44
ZCTA33170,2,5,15,31,16,20,14
ZCTA33172,5,6,33,42,73,75,60
ZCTA33173,3,3,18,39,56,78,105
ZCTA33174,1,4,15,36,59,108,85
ZCTA33175,5,7,27,63,143,159,110
ZCTA33176,3,11,25,72,119,133,92
ZCTA33177,,5,35,88,101,121,55
ZCTA33178,4,6,13,47,66,57,20
ZCTA33179,,,,,,1,1
ZCTA33179,5,5,18,68,83,68,59
ZCTA33180,,,,,,1,
ZCTA33180,2,3,16,31,72,96,130
ZCTA33181,,7,11,25,39,43,37
ZCTA33182,,2,9,16,17,38,16
ZCTA33183,,9,18,43,82,72,71
ZCTA33184,1,1,14,42,41,62,27
ZCTA33185,1,4,14,32,45,60,35
ZCTA33186,5,8,34,84,143,153,93
ZCTA33187,1,3,12,28,33,42,33
ZCTA33189,2,7,15,22,59,51,32
ZCTA33190,1,3,4,10,25,19,5
ZCTA33193,2,11,18,49,81,83,54
ZCTA33194,1,,1,5,5,5,3
ZCTA33196,1,7,21,56,56,83,67
ZCTA33238,,,,,1,,
ZCTA33239,,,,,,,1
ZCTA33301,,1,7,25,32,31,23
ZCTA33302,,,,,1,,
ZCTA33303,,,,,,1,
ZCTA33304,1,3,11,48,55,40,23
ZCTA33305,,2,10,26,38,34,23
ZCTA33306,,,1,11,8,12,16
ZCTA33307,,,1,,1,,1
ZCTA33308,,7,17,67,134,132,130
ZCTA33309,2,9,24,68,83,64,38
ZCTA33311,6,24,64,184,192,174,78
ZCTA33312,7,6,41,104,120,103,56
ZCTA33313,6,14,37,86,101,89,53
ZCTA33314,1,8,14,55,76,48,25
ZCTA33315,2,3,11,43,46,32,17
ZCTA33316,1,2,5,23,56,32,42
ZCTA33317,1,7,21,50,90,74,46
ZCTA33318,,,,,1,,
ZCTA33319,3,14,33,83,149,152,141
ZCTA33320,,,,1,,1,
ZCTA33321,2,9,20,95,162,213,223
ZCTA33322,1,5,16,81,152,174,135
ZCTA33323,2,6,9,33,45,33,22
ZCTA33324,1,9,27,81,116,98,93
ZCTA33325,1,3,15,65,52,49,22
ZCTA33326,1,6,8,42,49,65,53
ZCTA33327,1,1,7,17,16,27,11
ZCTA33328,1,3,18,34,53,55,36
ZCTA33330,1,2,11,22,22,23,24
ZCTA33331,1,1,14,23,35,54,20
ZCTA33332,,,3,3,15,10,4
ZCTA33334,2,5,16,74,86,46,35
ZCTA33335,,,,,,,1
ZCTA33348,,,,,1,,
ZCTA33351,5,2,21,56,76,51,40
ZCTA33355,,,,,1,,
ZCTA33388,,,,,1,1,
ZCTA33401,1,2,17,42,73,80,84
ZCTA33403,1,4,4,30,34,28,14
ZCTA33404,5,8,22,73,82,106,49
ZCTA33405,,2,14,33,32,35,25
ZCTA33406,3,3,20,35,44,67,27
ZCTA33407,4,6,37,80,79,46,41
ZCTA33408,1,1,7,29,69,84,95
ZCTA33409,3,3,13,47,50,36,26
ZCTA33410,5,4,24,68,104,121,105
ZCTA33411,3,16,50,102,170,161,139
ZCTA33412,4,4,15,26,52,56,21
ZCTA33413,1,4,11,26,33,32,23
ZCTA33414,2,6,30,53,121,77,74
ZCTA33415,6,7,34,92,123,87,57
ZCTA33416,,,,3,,,1
ZCTA33417,,3,19,67,114,155,122
ZCTA33418,,2,21,57,115,184,136
ZCTA33419,,,,1,,,1
ZCTA33421,,,,,,2,1
ZCTA33422,,,,,,1,
ZCTA33425,,,,,,1,1
ZCTA33426,7,3,11,48,66,77,87
ZCTA33427,,,,,1,,1
ZCTA33428,3,5,18,65,89,86,99
ZCTA33430,1,3,13,32,38,43,18
ZCTA33431,,4,7,16,45,50,43
ZCTA33432,1,2,12,31,39,55,90
ZCTA33433,,,,,1,,
ZCTA33433,1,4,14,53,107,187,276
ZCTA33434,2,2,4,44,80,116,158
ZCTA33435,3,5,19,76,96,106,73
ZCTA33436,,2,21,63,144,174,182
ZCTA33437,2,4,8,45,147,347,368
ZCTA33438,,,1,1,3,2,
ZCTA33440,,2,9,45,36,42,18
ZCTA33441,,6,25,59,70,85,51
ZCTA33441,,,1,1,,,
ZCTA33442,,1,18,56,86,164,169
ZCTA33442,,,,,1,,1
ZCTA33443,,,,,1,,
ZCTA33444,,3,15,39,66,42,29
ZCTA33445,4,5,14,55,87,131,151
ZCTA33446,,2,6,29,141,202,229
ZCTA33448,,,,,,,1
ZCTA33449,1,,8,13,20,50,23
ZCTA33454,,,,,,1,
ZCTA33455,1,2,4,42,91,106,105
ZCTA33458,,,,,5,6,
ZCTA33458,4,9,27,74,106,111,92
ZCTA33459,,,,1,,,
ZCTA33460,5,14,20,63,81,43,40
ZCTA33461,1,7,28,69,85,70,51
ZCTA33462,5,3,25,62,90,87,104
ZCTA33463,3,10,45,93,123,106,82
ZCTA33464,,,,,,,1
ZCTA33465,,,1,,1,1,2
ZCTA33467,2,7,29,101,164,235,158
ZCTA33468,,,,,2,,
ZCTA33469,,1,3,5,16,26,21
ZCTA33469,,1,9,15,39,53,44
ZCTA33470,,6,23,67,58,44,26
ZCTA33471,,4,5,12,28,29,4
ZCTA33472,,1,8,23,61,106,83
ZCTA33473,,1,5,7,15,24,7
ZCTA33474,,,,,,1,
ZCTA33475,,,,,,1,
ZCTA33476,,5,3,17,18,21,11
ZCTA33477,,1,4,14,38,103,84
ZCTA33478,,,,1,2,,
ZCTA33478,,,8,30,37,25,20
ZCTA33480,1,,1,10,47,52,86
ZCTA33483,,,3,10,40,55,45
ZCTA33484,3,1,9,46,117,196,269
ZCTA33486,1,3,9,37,50,50,40
ZCTA33487,2,2,8,24,52,67,62
ZCTA33493,1,1,3,5,6,8,4
ZCTA33496,,2,10,28,78,106,119
ZCTA33498,1,,9,22,41,35,42
ZCTA33503,,,,,,,1
ZCTA33510,5,9,19,49,83,65,32
ZCTA33511,3,13,33,90,118,116,61
ZCTA33513,1,2,12,44,57,42,25
ZCTA33514,,1,,5,9,11,2
ZCTA33521,,,1,6,4,3,
ZCTA33523,1,,2,6,17,13,7
ZCTA33523,1,2,9,41,40,37,19
ZCTA33524,,,,2,,,
ZCTA33525,2,5,19,39,75,85,40
ZCTA33527,2,5,17,29,40,28,21
ZCTA33530,,,,1,,,
ZCTA33534,1,4,18,38,42,18,7
ZCTA33537,,,,2,1,2,1
ZCTA33538,,,14,30,36,24,8
ZCTA33539,,,,,,1,1
ZCTA33540,,,,1,,1,
ZCTA33540,2,,5,35,56,41,29
ZCTA33541,,,,,,,1
ZCTA33541,,5,21,53,119,133,76
ZCTA33542,1,4,19,65,105,130,86
ZCTA33543,,10,22,39,66,52,35
ZCTA33544,,3,19,31,42,40,17
ZCTA33545,2,5,15,22,27,20,10
ZCTA33547,,4,17,26,56,49,25
ZCTA33548,,1,8,8,21,22,18
ZCTA33548,,,1,,2,,
ZCTA33549,,1,8,27,49,36,36
ZCTA33549,,,3,7,14,17,4
ZCTA33550,,,,,,1,
ZCTA33556,,2,12,26,32,41,13
ZCTA33556,1,1,6,14,17,18,2
ZCTA33558,3,1,10,31,43,32,15
ZCTA33558,,,3,4,19,11,3
ZCTA33559,,3,5,7,11,11,12
ZCTA33559,1,2,6,5,16,15,4
ZCTA33563,2,3,19,41,74,68,33
ZCTA33565,3,2,8,40,66,56,28
ZCTA33566,1,5,15,48,54,53,24
ZCTA33567,1,3,13,21,31,33,10
ZCTA33568,,,1,,,,1
ZCTA33569,2,8,16,56,78,60,30
ZCTA33570,3,7,11,62,105,78,27
ZCTA33572,2,4,9,34,62,59,21
ZCTA33573,1,3,7,46,146,240,237
ZCTA33576,,2,2,5,31,33,16
ZCTA33578,8,9,29,49,99,81,29
ZCTA33579,3,7,17,43,40,37,17
ZCTA33584,4,10,19,66,72,48,26
ZCTA33585,,,1,5,6,7,2
ZCTA33586,,,,1,,,
ZCTA33592,1,2,20,29,42,38,12
ZCTA33593,,,,,,1,1
ZCTA33594,3,2,25,54,98,89,40
ZCTA33595,,,1,,,1,
ZCTA33596,1,1,20,51,75,53,25
ZCTA33597,,,2,4,4,3,2
ZCTA33597,,,,,,,1
ZCTA33597,,1,3,29,23,32,8
ZCTA33598,3,3,7,30,47,47,14
ZCTA33598,,,,1,,,
ZCTA33601,,,,1,,,
ZCTA33602,1,2,12,24,32,19,7
ZCTA33603,2,4,12,34,29,26,21
ZCTA33604,3,10,26,88,118,63,50
ZCTA33605,2,6,12,65,69,37,24
ZCTA33606,,4,6,15,28,34,24
ZCTA33607,2,11,12,44,53,60,60
ZCTA33608,,,,,1,,
ZCTA33609,,4,10,18,44,23,35
ZCTA33610,2,13,41,101,125,98,53
ZCTA33611,3,2,17,68,89,83,52
ZCTA33612,2,8,39,114,114,101,72
ZCTA33613,2,8,16,52,56,59,60
ZCTA33614,2,9,32,71,95,96,70
ZCTA33615,1,5,37,88,129,95,56
ZCTA33616,,2,8,27,28,32,12
ZCTA33617,8,10,31,77,92,86,48
ZCTA33618,3,3,14,36,90,76,48
ZCTA33619,3,13,26,72,94,71,36
ZCTA33620,,,,1,,,
ZCTA33621,,1,,2,,,
ZCTA33624,1,10,21,67,103,73,52
ZCTA33625,1,5,18,29,56,52,36
ZCTA33626,2,3,16,26,42,53,36
ZCTA33629,1,3,12,40,49,55,62
ZCTA33634,,2,17,31,45,40,24
ZCTA33635,2,4,13,22,46,40,22
ZCTA33637,2,5,8,36,37,31,8
ZCTA33647,4,6,29,68,73,62,40
ZCTA33677,,,,1,,,
ZCTA33701,,3,11,46,73,47,35
ZCTA33702,5,8,28,84,101,87,62
ZCTA33703,4,2,19,53,66,62,43
ZCTA33704,,3,8,37,40,37,30
ZCTA33705,1,9,30,78,116,80,42
ZCTA33706,3,,8,39,85,82,49
ZCTA33707,1,3,22,77,152,114,109
ZCTA33708,,2,10,52,66,87,62
ZCTA33709,3,4,21,110,141,122,67
ZCTA33710,2,9,20,75,131,88,79
ZCTA33711,1,4,16,53,72,58,27
ZCTA33712,3,7,22,86,93,68,39
ZCTA33713,3,7,32,89,90,56,38
ZCTA33714,2,4,24,82,88,57,27
ZCTA33715,1,,2,17,32,34,24
ZCTA33716,3,1,8,22,30,23,15
ZCTA33731,,,,,1,,
ZCTA33736,,,,,,,1
ZCTA33737,,,,,1,,
ZCTA33738,,,,1,,,
ZCTA33744,,,,3,3,,1
ZCTA33747,,,,,2,,
ZCTA33755,2,5,28,78,93,59,33
ZCTA33756,2,7,23,114,125,101,72
ZCTA33757,,,,,,,1
ZCTA33758,,,,1,2,,1
ZCTA33759,1,6,14,42,49,57,62
ZCTA33760,2,4,14,47,38,32,7
ZCTA33761,,,14,48,80,88,59
ZCTA33762,,2,3,10,15,21,16
ZCTA33763,1,6,14,38,76,104,76
ZCTA33764,,1,17,63,94,80,63
ZCTA33765,1,3,7,43,45,32,15
ZCTA33766,,,,1,,,
ZCTA33767,1,1,3,19,38,43,38
ZCTA33770,1,5,26,66,84,104,82
ZCTA33771,,5,25,101,158,159,118
ZCTA33772,2,5,21,58,84,81,87
ZCTA33773,,3,9,47,72,46,40
ZCTA33774,,6,13,36,68,75,48
ZCTA33776,,3,6,26,30,44,36
ZCTA33777,1,,13,38,60,64,30
ZCTA33778,1,1,4,52,70,69,34
ZCTA33779,,,,1,,,
ZCTA33780,,,,,1,1,
ZCTA33781,2,8,29,71,107,63,37
ZCTA33782,1,7,18,61,104,119,44
ZCTA33785,,,3,11,18,16,11
ZCTA33786,,,4,5,8,8,6
ZCTA33801,,8,22,89,118,87,55
ZCTA33803,2,5,17,51,98,90,79
ZCTA33805,1,14,14,73,80,74,40
ZCTA33807,,,,1,,1,
ZCTA33809,3,3,32,54,102,95,68
ZCTA33810,,,,,,,1
ZCTA33810,2,13,31,103,159,174,88
ZCTA33811,6,5,13,49,60,52,27
ZCTA33812,,2,11,28,28,30,12
ZCTA33813,4,3,19,60,95,86,51
ZCTA33815,2,3,21,53,65,42,11
ZCTA33820,,,,,,2,
ZCTA33823,4,3,29,83,99,94,46
ZCTA33825,,6,11,54,91,97,65
ZCTA33825,,,,,,1,
ZCTA33827,,,5,5,14,8,8
ZCTA33830,6,7,29,66,93,63,46
ZCTA33831,,,,,,,1
ZCTA33834,1,,2,2,20,9,3
ZCTA33834,,,,1,,2,
ZCTA33835,,1,,2,,3,2
ZCTA33836,,,,2,2,1,1
ZCTA33837,2,8,20,54,87,71,20
ZCTA33838,,,3,5,15,12,8
ZCTA33839,,,,7,8,2,7
ZCTA33840,,,,,,1,
ZCTA33841,,1,6,16,29,32,13
ZCTA33843,,,13,18,37,41,21
ZCTA33844,4,3,26,68,123,118,67
ZCTA33845,,,1,,,,
ZCTA33846,,,,2,4,,1
ZCTA33847,,,,,1,,1
ZCTA33848,,,,4,1,3,1
ZCTA33849,,,2,2,,3,
ZCTA33850,,1,5,29,23,26,12
ZCTA33851,,,2,2,5,3,4
ZCTA33852,,1,14,45,120,135,90
ZCTA33853,1,4,7,33,35,44,23
ZCTA33854,,,1,3,3,3,2
ZCTA33855,,,2,2,7,5,3
ZCTA33856,,,,1,5,2,
ZCTA33857,,,2,4,3,10,2
ZCTA33858,,,,,2,,1
ZCTA33859,,3,10,21,53,59,22
ZCTA33860,,,,1,,,
ZCTA33860,1,4,17,53,82,57,23
ZCTA33863,,,,,,1,
ZCTA33865,,,,1,3,3,1
ZCTA33867,,,,1,,1,1
ZCTA33868,1,,8,27,51,45,12
ZCTA33870,4,6,19,70,102,112,79
ZCTA33871,1,,,,,,
ZCTA33872,1,,8,34,70,82,78
ZCTA33873,1,5,8,26,28,36,17
ZCTA33875,,1,7,25,46,55,32
ZCTA33876,,,3,13,32,30,19
ZCTA33877,,1,,3,2,2,3
ZCTA33880,4,8,37,82,130,101,54
ZCTA33881,2,7,25,66,149,131,84
ZCTA33884,3,10,19,62,99,127,76
ZCTA33888,,,,,1,,
ZCTA33890,1,1,1,11,12,17,12
ZCTA33896,1,,2,2,3,7,2
ZCTA33896,1,1,7,10,20,15,5
ZCTA33897,,1,14,34,49,49,21
ZCTA33898,,2,16,49,76,72,20
ZCTA33901,,7,14,41,64,61,67
ZCTA33902,,,,,1,2,
ZCTA33903,1,7,18,61,154,151,107
ZCTA33904,1,3,21,85,139,148,82
ZCTA33905,3,4,23,71,102,79,30
ZCTA33906,,,,1,,,
ZCTA33907,1,4,12,43,68,66,69
ZCTA33908,1,2,20,71,138,237,228
ZCTA33909,1,7,16,41,98,77,19
ZCTA33911,,,1,,,,
ZCTA33912,,,3,38,71,95,56
ZCTA33913,3,1,10,41,92,66,31
ZCTA33914,2,2,31,85,180,137,90
ZCTA33916,4,6,16,49,42,27,23
ZCTA33917,4,8,23,112,173,198,83
ZCTA33918,,,,,1,1,
ZCTA33919,2,2,14,59,104,137,127
ZCTA33920,,,8,19,25,20,6
ZCTA33921,,,1,,5,8,10
ZCTA33922,1,1,,12,28,17,13
ZCTA33924,,,,,3,2,
ZCTA33928,,,8,32,107,125,68
ZCTA33930,,1,2,2,4,2,
ZCTA33931,,1,6,25,59,61,42
ZCTA33932,,,,,1,,
ZCTA33935,,1,1,6,4,11,2
ZCTA33935,2,4,3,23,45,38,34
ZCTA33935,,,,1,2,,
ZCTA33936,1,5,18,59,105,91,59
ZCTA33944,,,,2,,1,1
ZCTA33946,,,,5,13,10,9
ZCTA33947,,1,4,17,70,59,38
ZCTA33948,,2,9,54,94,83,56
ZCTA33950,1,1,11,48,129,159,101
ZCTA33951,,,,,1,,1
ZCTA33952,,5,41,112,154,152,128
ZCTA33953,,1,4,15,38,34,13
ZCTA33954,2,2,5,22,54,51,32
ZCTA33955,,2,6,27,44,51,21
ZCTA33955,,,,1,12,10,3
ZCTA33956,,1,,11,24,29,13
ZCTA33957,,,4,7,23,44,24
ZCTA33960,,,,,,1,
ZCTA33960,,,3,2,5,2,3
ZCTA33966,,,10,24,38,15,15
ZCTA33967,2,7,15,38,57,49,23
ZCTA33970,,,,,,1,
ZCTA33971,,7,15,37,38,30,16
ZCTA33972,1,2,7,28,40,29,10
ZCTA33973,1,6,3,14,15,13,7
ZCTA33974,2,1,9,20,32,20,8
ZCTA33976,,3,13,11,17,20,4
ZCTA33980,,1,7,16,59,84,62
ZCTA33981,,3,7,42,59,46,23
ZCTA33982,,,5,24,50,48,19
ZCTA33983,,4,9,35,78,75,53
ZCTA33990,1,1,30,74,109,94,72
ZCTA33991,2,6,10,36,73,69,52
ZCTA33993,1,4,24,30,78,57,23
ZCTA34101,,,,,1,1,
ZCTA34102,,,6,15,30,60,37
ZCTA34103,,1,4,14,57,71,73
ZCTA34104,1,1,13,34,75,129,71
ZCTA34105,1,2,9,22,52,78,68
ZCTA34106,,,,,,1,
ZCTA34108,1,1,6,19,58,100,71
ZCTA34109,1,2,9,29,65,110,126
ZCTA34110,1,1,11,28,98,156,128
ZCTA34110,,,,1,,2,
ZCTA34112,,2,13,54,107,122,84
ZCTA34113,2,4,6,41,68,80,82
ZCTA34114,1,1,9,25,67,83,35
ZCTA34116,1,5,12,34,47,41,18
ZCTA34117,,2,16,37,35,37,12
ZCTA34119,1,5,12,40,88,120,67
ZCTA34119,,,1,,,1,
ZCTA34120,,2,21,50,71,62,28
ZCTA34134,,,,1,5,7,5
ZCTA34134,,1,10,28,71,96,63
ZCTA34135,,,,1,1,,
ZCTA34135,,6,15,66,161,190,108
ZCTA34137,,,,1,4,1,
ZCTA34138,,,1,3,5,1,
ZCTA34139,,,,3,2,4,
ZCTA34140,,,,1,,1,1
ZCTA34141,,,,4,2,,
ZCTA34142,2,4,9,28,39,38,13
ZCTA34142,,,,1,,,
ZCTA34145,,1,7,24,61,106,67
ZCTA34146,,,,1,,,
ZCTA34201,,,,4,13,17,14
ZCTA34202,1,1,11,26,66,63,53
ZCTA34202,,,,,1,,
ZCTA34203,1,6,18,74,133,128,87
ZCTA34205,2,5,25,100,114,98,117
ZCTA34207,,12,27,75,151,111,70
ZCTA34208,,5,28,70,102,80,49
ZCTA34209,2,5,15,70,121,149,156
ZCTA34210,,2,14,33,62,71,44
ZCTA34211,,,7,8,30,27,21
ZCTA34212,,1,12,32,68,45,26
ZCTA34215,,,1,4,3,4,3
ZCTA34216,,,1,5,5,6,10
ZCTA34217,,,2,5,31,25,12
ZCTA34218,,,,,1,,
ZCTA34219,,8,13,37,69,64,34
ZCTA34220,,,,,,1,
ZCTA34221,2,7,23,86,162,165,71
ZCTA34222,1,4,11,27,80,72,38
ZCTA34223,,,2,4,15,14,14
ZCTA34223,1,3,8,38,82,108,73
ZCTA34224,2,1,10,36,96,88,64
ZCTA34224,,,,4,4,5,2
ZCTA34228,1,,,5,12,19,18
ZCTA34228,,,,1,14,47,40
ZCTA34229,,,4,12,32,42,33
ZCTA34230,,,,,,,1
ZCTA34231,2,6,18,69,122,163,130
ZCTA34232,2,6,27,60,127,115,100
ZCTA34233,1,3,11,38,72,99,96
ZCTA34234,4,4,14,82,90,59,41
ZCTA34235,1,1,10,32,63,74,62
ZCTA34236,,1,5,22,59,87,108
ZCTA34237,1,6,9,50,47,36,27
ZCTA34238,1,,4,35,87,140,110
ZCTA34239,,4,14,38,66,52,46
ZCTA34240,1,,9,20,39,46,28
ZCTA34241,1,1,10,20,47,67,35
ZCTA34242,1,1,4,9,43,53,35
ZCTA34243,1,2,7,48,79,90,56
ZCTA34243,1,,3,29,38,23,27
ZCTA34250,,,1,,2,1,1
ZCTA34251,1,1,10,19,22,8,14
ZCTA34251,,,,1,2,1,1
ZCTA34265,,,,1,1,1,
ZCTA34266,,3,30,67,91,92,55
ZCTA34267,,,,,1,,1
ZCTA34268,,,,1,,2,1
ZCTA34269,,,3,8,29,37,16
ZCTA34270,,,,,1,,
ZCTA34272,,,,1,,,1
ZCTA34274,,,,,1,,
ZCTA34275,,1,15,63,93,105,68
ZCTA34277,,,,,1,,
ZCTA34280,,,,,1,,
ZCTA34281,,,,,1,1,1
ZCTA34282,,,,,,1,
ZCTA34285,,,9,41,97,158,124
ZCTA34286,1,2,10,31,68,61,31
ZCTA34287,,,,1,,,
ZCTA34287,2,5,18,61,121,152,121
ZCTA34288,3,3,10,20,46,30,13
ZCTA34289,,,1,3,10,12,4
ZCTA34291,1,2,3,17,19,19,8
ZCTA34292,,2,4,23,70,116,117
ZCTA34293,3,2,15,84,202,217,166
ZCTA34295,,,,,1,,1
ZCTA34420,1,2,27,59,82,71,39
ZCTA34421,,,,1,,,
ZCTA34423,,,,1,,1,
ZCTA34428,1,,7,33,46,44,23
ZCTA34429,,,10,31,49,59,33
ZCTA34430,,,,,2,,1
ZCTA34431,,,,1,2,8,
ZCTA34431,,,8,20,33,50,26
ZCTA34432,,1,12,40,82,85,31
ZCTA34433,,4,7,22,42,30,11
ZCTA34433,,,2,4,1,1,
ZCTA34434,,4,10,29,40,41,27
ZCTA34434,,,,1,2,,
ZCTA34436,,3,7,29,44,36,15
ZCTA34442,1,2,16,55,103,98,47
ZCTA34445,,,,3,,1,1
ZCTA34446,1,3,16,52,135,135,64
ZCTA34447,,,,,,1,
ZCTA34448,,4,11,40,61,60,27
ZCTA34449,,,,1,1,3,1
ZCTA34449,,,2,16,21,13,5
ZCTA34450,,2,15,33,64,66,43
ZCTA34452,,3,17,34,60,53,50
ZCTA34453,,,9,29,54,62,24
ZCTA34460,,1,,,,,
ZCTA34461,,1,7,33,67,58,35
ZCTA34465,,4,19,49,98,115,63
ZCTA34470,1,3,20,55,100,83,31
ZCTA34471,1,2,17,52,84,91,71
ZCTA34472,4,5,23,66,107,83,57
ZCTA34473,3,1,11,23,67,47,17
ZCTA34474,,1,3,39,47,54,39
ZCTA34475,4,3,9,27,33,34,14
ZCTA34476,,4,14,43,115,161,80
ZCTA34477,1,,,1,,1,
ZCTA34478,,,,1,,,1
ZCTA34479,1,3,12,29,44,41,22
ZCTA34480,,7,14,47,69,47,30
ZCTA34481,,,11,55,141,208,128
ZCTA34482,,3,15,63,70,77,48
ZCTA34484,,1,8,6,12,11,26
ZCTA34488,2,2,9,40,69,68,17
ZCTA34489,,,1,,,,
ZCTA34491,1,6,20,72,178,216,86
ZCTA34492,,,,1,,,
ZCTA34498,,,,1,5,6,3
ZCTA34601,4,4,22,79,115,97,74
ZCTA34602,1,2,5,19,31,24,20
ZCTA34603,,,,1,,,
ZCTA34604,,2,14,26,33,27,14
ZCTA34605,,,,,1,,
ZCTA34606,1,3,24,72,120,174,123
ZCTA34607,,,5,15,47,52,25
ZCTA34608,1,7,20,89,137,144,86
ZCTA34609,3,8,28,89,182,180,105
ZCTA34610,1,5,19,37,57,41,18
ZCTA34611,,,,,1,,
ZCTA34613,,6,18,68,143,141,84
ZCTA34614,1,,5,18,36,21,12
ZCTA34636,,,,,1,1,
ZCTA34637,,,2,7,26,19,1
ZCTA34638,2,6,18,33,52,35,20
ZCTA34639,1,4,13,38,68,57,25
ZCTA34652,2,9,23,80,115,128,56
ZCTA34653,1,8,32,90,158,129,85
ZCTA34654,2,8,21,70,113,78,53
ZCTA34655,4,,30,80,142,202,123
ZCTA34660,,,,,,1,1
ZCTA34661,,,,1,,,
ZCTA34667,1,12,37,115,209,236,137
ZCTA34668,,11,50,153,199,182,128
ZCTA34669,1,5,20,41,75,62,21
ZCTA34673,,,,,1,,
ZCTA34674,,,1,,,,
ZCTA34677,,4,10,27,61,61,41
ZCTA34679,,,,3,4,3,
ZCTA34680,,,,1,,1,
ZCTA34681,,,,2,11,3,1
ZCTA34683,,5,21,72,92,84,55
ZCTA34684,,5,16,47,102,134,158
ZCTA34685,1,2,8,19,49,45,36
ZCTA34688,,1,,,1,,1
ZCTA34688,,,3,12,24,30,18
ZCTA34689,4,3,18,78,113,115,88
ZCTA34690,1,1,13,41,46,49,54
ZCTA34691,1,4,20,61,92,58,44
ZCTA34695,1,2,22,38,80,56,35
ZCTA34697,,,,1,,,1
ZCTA34698,,5,35,84,157,189,113
ZCTA34705,,,4,9,7,10,
ZCTA34711,3,9,34,113,183,186,109
ZCTA34711,,,,,,1,
ZCTA34712,,,,,,1,
ZCTA34714,1,3,12,23,28,21,5
ZCTA34715,,2,11,30,50,37,17
ZCTA34729,,,,1,1,1,
ZCTA34731,,3,13,35,57,55,26
ZCTA34731,,,,,,1,
ZCTA34734,,1,3,7,7,9,2
ZCTA34736,1,3,15,36,53,53,21
ZCTA34737,,,,5,15,10,2
ZCTA34739,,,1,5,10,4,2
ZCTA34741,8,12,36,88,101,61,33
ZCTA34743,1,10,22,50,83,80,42
ZCTA34744,1,11,21,93,112,89,49
ZCTA34746,2,12,27,73,80,97,54
ZCTA34747,,,,1,,,
ZCTA34747,2,5,14,19,39,37,14
ZCTA34748,1,3,26,84,231,319,157
ZCTA34749,,,,,,1,2
ZCTA34753,1,1,6,12,8,11,2
ZCTA34756,,,5,5,11,10,4
ZCTA34758,,6,15,55,66,59,36
ZCTA34759,1,,11,13,30,21,9
ZCTA34759,2,2,9,31,83,75,21
ZCTA34760,1,,,1,3,3,1
ZCTA34761,1,11,25,73,67,70,40
ZCTA34762,1,,,2,2,2,1
ZCTA34769,3,5,26,61,94,58,52
ZCTA34770,,,,,,1,
ZCTA34771,,3,13,46,34,48,26
ZCTA34772,3,7,26,55,78,64,25
ZCTA34773,,,2,9,11,12,1
ZCTA34785,2,3,11,34,59,60,47
ZCTA34786,1,7,21,40,53,48,25
ZCTA34787,,,,1,1,2,2
ZCTA34787,1,9,25,88,117,99,69
ZCTA34788,1,2,12,60,93,136,78
ZCTA34797,,,1,4,6,6,3
ZCTA34945,,1,3,10,11,16,9
ZCTA34946,,2,6,21,33,18,7
ZCTA34947,1,2,10,29,29,23,10
ZCTA34949,,,4,15,29,43,38
ZCTA34950,2,7,19,47,53,40,29
ZCTA34951,,2,10,41,76,89,84
ZCTA34952,,9,24,108,219,232,163
ZCTA34953,4,15,30,120,186,144,69
ZCTA34954,,,,,,1,
ZCTA34956,,,3,8,17,14,9
ZCTA34957,1,3,11,52,70,101,78
ZCTA34957,,,1,6,26,22,16
ZCTA34958,,,,1,,,
ZCTA34972,3,4,20,46,67,45,17
ZCTA34972,,,,,1,2,
ZCTA34973,,,,,,1,
ZCTA34974,1,,2,8,14,11,7
ZCTA34974,,,2,1,,2,2
ZCTA34974,,,,2,1,,
ZCTA34974,,6,25,61,93,90,55
ZCTA34979,,,,1,2,,
ZCTA34981,1,1,5,11,16,15,10
ZCTA34982,2,1,27,72,97,114,51
ZCTA34983,2,11,24,81,141,119,59
ZCTA34984,1,1,15,41,36,66,32
ZCTA34985,,,,,2,1,
ZCTA34986,2,3,17,32,123,142,77
ZCTA34987,,2,4,15,52,43,24
ZCTA34990,1,1,21,39,87,122,107
ZCTA34990,,,,,6,8,7
ZCTA34991,,,,,,,1
ZCTA34992,1,,,,1,1,
ZCTA34994,1,3,12,36,61,70,69
ZCTA34995,,,,,,,2
ZCTA34996,2,1,6,17,42,59,60
ZCTA34997,3,3,23,106,159,158,137
